{
  "means": [
    0.9565247614323183,
    5.538167312943014,
    -16.02197912072309,
    17.933475680465286,
    0.010728230223520058,
    2.231365772431524,
    -13.398335355489685,
    8.612680445183951,
    -36.83546395997394,
    7.1437577324298305,
    -0.016871680833489982,
    1.3253946792704152,
    -5.418778135856343,
    6.251014046573833,
    -25.672329280499465,
    10.614136545643328,
    -0.13951204098258285,
    2.3669876216283305,
    31.289951374024263,
    7.936798388442237,
    0.5768353787256454,
    245.5623102324001,
    92.70181867261921,
    17.87859355412278,
    223294.39445337604,
    0.9154024259598438,
    858826.886948929,
    1.2663026574973217,
    348549.7766815117,
    1.3402218612848602,
    -5.139120601546359,
    28.92201343808581,
    -102.40099197075303,
    71.87075648263817,
    -0.024091424133566023,
    0.6399383886705257,
    1.629647539166978,
    26.758791850777172,
    -63.92158072605543,
    67.59556833198194,
    0.003852039641669834,
    0.3578056947767564,
    0.0032275865602515944,
    16.753783200981164,
    -46.750578716716795,
    49.213236402500364,
    0.012665250640840446,
    0.5014498449104606,
    40.38757945271051,
    28.276252428856026,
    -0.5198117830536338,
    888.0487760685337,
    88.9182568330442,
    5.550633207198778,
    4259377.621525065,
    0.7603068735528907,
    4171976.1446203906,
    1.4835331927981477,
    1506655.178587673,
    1.099180979368974
  ],
  "stds": [
    28.7299463982747,
    16.108256125749506,
    82.29878635194157,
    78.62286250773639,
    1.1820749402291186,
    5.086682275732787,
    56.750925925572254,
    28.631681518806246,
    129.16400590515616,
    74.12666203881435,
    0.9874814757730627,
    4.950636810318555,
    37.21499082480703,
    17.010438213317745,
    90.013543022787,
    59.155258822196686,
    1.1611028702160842,
    4.433135178451742,
    73.64099817348652,
    26.235564654366826,
    17.733425175032522,
    862.3876480146467,
    22.052208412619628,
    9.58258635151246,
    1483162.1732890755,
    3.0169540008819253,
    3536674.4033967494,
    7.025916979823985,
    1694730.6400095848,
    3.5321748702778426,
    46.29781395038826,
    135.24240129784715,
    534.4770674271609,
    381.74816140917716,
    0.5828644990381953,
    3.022888451688153,
    58.158291829408746,
    129.45580374232176,
    334.3424149829367,
    353.6512451078785,
    0.451003552302303,
    2.313043679779443,
    32.15255697461562,
    78.85936666545642,
    251.916604580006,
    263.23854347423753,
    0.5215958174674611,
    2.7985303428795016,
    175.7461777457104,
    127.95554972364667,
    121.37309293117436,
    4418.54965433436,
    6.080476167231064,
    13.601643550737757,
    32381806.240605295,
    3.758960167625671,
    31507668.132456504,
    7.5454742246862185,
    13387795.696204843,
    5.4255202693839975
  ],
  "feature_count": 60,
  "description": "StandardScaler parameters for Guardian AI fall detection model",
  "usage": "normalized_feature[i] = (raw_feature[i] - means[i]) / stds[i]"
}